[ {"name": "Debug Linux", "arch": "x64", "purpose": "Debug", "checkSum": "f1c9645dbc14efddc7d8a322685f26eb", "link": "http://speedtest.ftp.otenet.gr/files/test10Mb.db", "size": 0},
  {"name": "Linux Mint 17.3", "arch": "x64", "purpose": "Desktop", "checkSum": "e71a2aad8b58605e906dbea444dc4983", "link": "http://mirrors.kernel.org/linuxmint//stable/17.3/linuxmint-17.3-cinnamon-64bit.iso", "size": 0},
  {"name": "Debian 8", "arch": "x64", "purpose": "Desktop", "checkSum": "c58a9df992d6e119121babbac9bb5a13", "link": "http://cdimage.debian.org/debian-cd/8.4.0/amd64/iso-cd/debian-8.4.0-amd64-CD-1.iso", "size": 0},
  {"name": "Ubuntu 16.04", "arch": "x64", "purpose": "Desktop", "checkSum": "bc263c6bb2f1fbd9d3e8a58139aa7c85", "link": "http://releases.ubuntu.com/16.04/ubuntu-16.04-desktop-amd64.iso", "size": 0},
  {"name": "Open SUSE 42.1", "arch": "x64", "purpose": "Desktop", "checkSum": "6a748b5b71290004b1dce3fc66bc013a", "link": "http://download.opensuse.org/tumbleweed/iso/openSUSE-Tumbleweed-GNOME-Live-x86_64-Current.iso", "size": 0},
  {"name": "Fedora 24", "arch": "x64", "purpose": "Desktop", "checkSum": "###", "link": "https://download.fedoraproject.org/pub/fedora/linux/releases/23/Workstation/x86_64/iso/Fedora-Live-Workstation-x86_64-23-10.iso", "size": 0}
]
